V1,V2,V3,V4,V5,V6,V7,V8,V9,V10,V11,V12,V13
36503.086,36662.04,37310.992,37355.508,37743.33,37686.723,37624.074,37759.01,37821.27,37361.723,37725.254,37754.39,37738.76
3601.0198,3636.2732,3713.295,3743.111,3740.614,3731.6396,3734.582,3767.051,3771.3137,3759.3225,3772.4722,3771.1545,3747.4905
9660.057,9581.291,9561.567,9578.349,9691.925,9575.7705,9530.661,9549.044,9590.452,9569.305,9571.011,9584.876,9624.055
2342.3884,2330.7314,2355.0217,2327.7249,2362.4697,2424.1787,2476.234,2409.441,2405.1853,2385.1143,2454.315,2476.4153,2476.7224
1498.2859,1882.219,1791.4766,1713.1523,1815.2098,1940.4429,1963.1447,1986.8447,1895.1813,1672.7854,1481.6526,1810.9779,1954.266
545.00616,597.29974,643.2593,642.62726,651.2697,630.2291,603.6914,566.4558,607.2856,676.6902,719.65967,674.0201,643.68146
3063.4126,3200.9626,3177.733,3167.3362,3198.8108,3077.3713,3129.5237,3181.2302,3268.128,3212.0234,3300.664,3288.875,3249.4126
2654.8677,2645.5476,2478.5767,2631.8113,2593.3748,2423.7422,2432.506,3113.7637,2443.8252,2365.7903,2448.0095,2855.655,2454.4714
6894.4146,6725.9355,6631.981,6887.09,6659.772,6419.662,6331.3975,6486.362,6462.1455,6521.711,6816.6123,6880.099,6385.812
5089.519,4969.479,4926.8677,4943.967,4965.9434,4833.14,4870.5015,4930.1436,4920.7197,4918.814,4911.122,4862.644,4831.6147
357.70972,366.8717,386.73822,432.84387,383.56653,339.66943,353.04648,392.49258,381.73453,399.58115,400.68576,422.2517,413.78458
1031.9259,1044.6088,1045.4973,1050.6951,1055.7847,1063.3407,1065.2386,1065.4042,1054.4257,1042.7904,1038.9557,1041.5289,1042.5526
2355.4639,2327.7388,2260.6475,2228.8818,2231.59,2233.078,2222.539,2191.6675,2213.6777,2232.1736,2190.8838,2202.8337,2242.6987
2324.7449,2291.1384,2221.998,2219.9834,2222.2856,2226.4497,2225.716,2193.386,2204.1018,2223.9385,2183.596,2191.4688,2248.676
4755.089,4730.273,4544.6606,4553.5527,3987.912,4496.1953,4507.8047,3681.6465,3713.9473,4518.0425,3796.9312,3592.185,4115.5483
4755.089,4730.273,4544.6606,4553.5527,3987.912,4496.1953,4507.8047,3681.6465,3713.9473,4518.0425,3796.9312,3592.185,4115.5483
12009.639,11950.12,11902.589,11939.784,11956.453,11843.984,11887.892,11918.214,11937.037,11951.246,11911.429,11879.919,11875.328
4353.1,4467.5386,4559.0674,4478.6987,4450.934,4555.182,4512.3755,4446.046,4434.2124,4443.248,4478.222,4523.1787,4562.9595
2854.019,2978.558,2865.8733,2907.3877,2951.941,2978.186,3056.4692,3248.3845,3272.9907,3213.8684,2900.94,3056.8499,3324.7559
4217.1084,4477.94,4574.9463,4504.8105,4634.7476,4588.034,4643.016,4768.098,4806.03,4701.631,4649.43,4711.6064,4883.066
2122.0989,2221.7808,2171.8533,2146.5112,2185.613,2170.1985,2178.411,2173.5977,2123.6958,2073.9822,2089.4558,2167.8728,2244.9265
3764.5635,3623.2844,3559.4805,3678.3516,3910.577,3755.7415,3634.971,3550.58,3685.501,4043.1677,4149.8755,4147.1885,3920.2622
806.56793,819.08984,840.2732,831.1692,852.89825,843.6872,842.66785,842.06665,876.5238,869.59546,872.46375,868.2015,860.4078
6923.7275,6788.584,6584.0312,6598.773,6598.414,6664.117,6791.547,6780.897,6917.9067,6974.886,6446.527,6569.5864,6934.2217
1205.0452,1228.3235,1130.9001,1116.4128,1063.8877,1043.7639,1044.8944,1067.9674,1059.08,1102.8489,1060.6808,1061.661,1060.5212
3060.168,3008.9768,2987.5984,2943.5588,2995.0994,2968.5388,3016.679,3063.1614,3091.033,3055.955,2930.01,3050.5442,3139.1738
2225.155,2369.7078,2395.1934,2220.5352,2303.1553,2320.0662,2242.5361,2261.4414,2302.6516,2283.2192,2177.9531,2135.466,2449.4504
3196.3872,3337.26,3224.5952,3529.3467,3654.8486,3490.125,3131.0571,3111.639,3283.905,3645.4797,3861.8333,4010.1924,4035.8594
717.4812,705.52094,708.77374,720.6561,717.1917,710.8645,728.82294,687.3777,693.5232,734.14575,749.304,731.24365,731.9637
3662.8862,3799.3882,3722.301,3877.3123,3850.4924,3861.8184,3741.2,3660.3096,3748.3218,4040.9846,4136.778,4228.3247,3941.928
968.8787,858.01184,818.1557,801.7225,805.563,830.6507,870.1674,868.31274,778.22406,770.0257,726.0671,806.3939,825.6115
4596.9097,4032.1187,3986.0137,3925.956,3964.65,3956.9924,3921.8699,3933.833,4327.465,4081.5283,3721.7979,3959.0823,4223.163
1603.1531,1579.7565,1680.838,1716.8171,1596.7769,1529.6305,1526.2609,1706.2434,1720.5293,1734.9769,1702.3999,1628.1912,1552.2107
1261.5122,1206.989,1197.5791,1179.2378,1162.9095,1109.1642,1128.1506,1119.2863,1128.8855,1111.1306,1118.3177,1116.3903,1133.703
1217.5911,1139.3544,1195.0576,1134.7264,1194.2484,1143.7485,1202.0754,1158.0675,1182.2482,1099.5465,1150.1842,1161.2793,1259.6681
14620.158,16135.763,16249.18,15743.619,15180.414,16451.633,17544.164,17097.996,16077.029,15979.675,15973.817,15797.718,15462.204
2908.3916,2919.9797,2920.845,2918.4963,2917.6746,2913.502,2917.6934,2917.0667,2916.0576,2907.4585,2910.7124,2906.3862,2921.6746
3093.755,3141.5522,3137.2441,3090.3196,3142.0752,3177.899,3171.1526,3183.3784,3179.2002,3182.3994,3179.3638,3170.1624,3207.268
5808.819,5822.4453,5813.3643,5794.6895,5796.8965,5776.672,5763.597,5718.327,5676.5044,5664.689,5644.573,5649.1367,5668.648
5805.3696,5820.39,5816.113,5793.138,5793.364,5773.2,5760.074,5716.247,5674.155,5662.605,5645.7573,5642.5527,5664.902
6190.153,6156.4575,6147.307,6162.969,6198.037,6212.885,6201.243,6178.662,6182.303,6185.089,6178.1714,6199.1836,6211.846
6195.5728,6163.53,6163.068,6176.208,6209.6353,6221.6533,6208.158,6189.815,6193.054,6197.9927,6191.3755,6211.8174,6220.1475
6192.842,6159.88,6155.268,6169.562,6203.57,6217.217,6204.4453,6184.445,6187.796,6191.693,6185.0044,6205.6006,6216.028
5801.6855,5817.727,5816.143,5789.1846,5788.0386,5766.6885,5754.462,5712.356,5669.993,5659.272,5646.698,5634.5,5659.4873
2916.4514,2953.243,2907.1533,2940.2747,2945.2305,2960.8667,2936.7778,2970.9036,2921.5583,2906.3206,2944.2273,2967.1292,2948.6113
3283.2424,3341.0579,3305.9968,3256.737,3294.0852,3313.1382,3319.3188,3313.7825,3308.4326,3281.7437,3273.377,3257.8235,3305.2751
2914.7493,2952.1343,2906.1274,2938.9827,2943.6558,2959.7388,2935.4033,2970.1062,2921.3528,2905.6733,2942.5542,2965.454,2946.8938
3014.0266,2992.924,2928.8745,2957.0713,2972.45,2975.8748,2976.1663,2979.3093,2964.4631,2937.4802,2934.5579,2944.2144,2971.9675
3247.117,3300.3535,3275.2275,3285.511,3287.06,3293.65,3289.2595,3321.166,3280.438,3254.4329,3285.945,3296.0935,3280.5496
3248.9973,3301.4246,3276.35,3286.9941,3288.7454,3294.9092,3290.9915,3322.1875,3281.2664,3255.4338,3287.519,3297.4692,3282.1128
6606.645,6689.925,6654.6553,6604.605,6615.556,6608.3057,6624.228,6656.491,6666.9585,6673.8413,6672.9727,6660.4487,6644.905
7117.439,7247.8657,7201.399,7166.713,7268.8345,7267.9565,7243.9893,7289.26,7349.557,7353.3975,7390.025,7367.573,7366.572
1753.1461,1754.4467,1713.7194,1680.7511,1610.3346,1614.1642,1623.2948,1671.3698,1658.2367,1691.2252,1661.9169,1604.4928,1577.4066
2520.304,2532.0852,2540.9624,2530.2778,2533.9932,2541.3933,2544.9707,2539.553,2541.6238,2540.5828,2539.6084,2536.343,2539.8394
4682.561,4669.6934,4737.2954,4706.7227,4752.413,4742.7485,4731.156,4689.602,4731.1904,4744.612,4716.6406,4669.5083,4614.1846
2921.426,2958.8992,3055.3167,3132.4692,2893.8296,2541.0835,2378.444,2174.5217,2146.0608,2458.604,2576.6318,2390.3896,2272.0474
2158.3806,2168.3875,2176.1714,2167.7847,2170.65,2184.9072,2201.7004,2260.2463,2258.3071,2185.384,2184.9788,2189.0315,2194.656
3518.3022,3577.7617,3700.873,3746.5273,3889.0095,3885.3188,3855.275,3897.9294,3948.8315,3943.5273,4045.1099,4038.964,4028.2046
2170.3643,1984.7582,1846.4298,2079.0413,1788.5309,1834.5131,1683.9031,1720.0651,1635.6511,1748.9597,1873.4795,1930.5641,1771.3318
9009.331,9009.806,8993.403,8986.301,8975.23,8959.459,8960.521,8990.37,9006.243,9034.102,9010.553,8978.735,8965.6
10248.788,10427.133,10440.492,10250.217,10385.578,10651.195,10399.2705,10161.513,10199.767,10383.282,10491.361,10315.399,10189.87
7081.402,7024.6436,7025.9297,7029.5903,7021.469,7024.7485,7022.477,7014.3145,7008.6514,7015.739,7017.3564,7027.899,7032.734
6047.4595,6053.062,6035.32,6014.989,6029.717,6083.584,6084.673,6000.739,5991.9434,6037.7627,6041.6294,6020.536,6029.214
13159.166,13300.029,13292.64,13164.687,12808.571,13271.567,13477.207,13375.445,13121.342,13208.867,13194.108,13135.192,13036.011
18500.137,18655.861,18662.129,18499.271,18053.219,18627.627,18892.613,18771.334,18450.674,18543.53,18542.938,18474.38,18369.836
7373.9985,7293.113,7261.767,7278.2583,7395.125,7279.8086,7233.0405,7251.414,7296.867,7273.3735,7270.932,7283.312,7330.6084
13235.129,13110.792,13164.834,13164.8545,12878.749,12784.721,12869.723,12754.439,12773.404,12886.529,12911.169,12872.966,12893.062
7034.254,7131.379,7180.695,7191.5156,7207.741,7212.383,7198.346,7173.993,7171.522,7184.0703,7192.9673,7178.408,7173.247
7042.024,7136.206,7193.9336,7181.029,7174.535,7186.3506,7175.4526,7150.5654,7170.1846,7190.568,7185.562,7165.4,7162.977
2631.7327,2627.819,2635.1985,2638.6514,2645.3604,2632.0823,2638.5098,2634.3872,2634.5144,2631.3228,2631.5488,2625.3943,2632.7676
1946.1862,1985.6956,2057.0396,2100.5525,2165.7368,2223.4807,2318.984,2280.3032,2287.1416,2277.0034,2281.515,2201.9011,2262.7666
1946.2714,1985.7908,2057.2283,2100.872,2165.88,2223.6804,2318.8362,2280.2014,2287.1528,2277.076,2281.3552,2201.819,2262.766
1946.1862,1985.6956,2057.0396,2100.5525,2165.7368,2223.4807,2318.984,2280.3032,2287.1416,2277.0034,2281.515,2201.9011,2262.7666
4710.876,4521.579,4054.0117,4046.2598,3540.5566,3775.1445,3747.3784,3537.247,3314.771,3656.5718,3506.2278,3497.9253,3476.419
24410.727,24213.234,24239.695,24170.506,24271.49,24163.926,24614.408,24730.006,24886.39,24738.582,24530.727,24391.809,24631.52
446.77463,401.12555,484.4495,412.35367,544.786,746.36725,619.8362,545.99133,711.2498,653.5735,583.8439,541.21014,642.98596
3780.2068,3608.0715,3443.7812,3369.4119,3496.2185,3451.709,3377.235,3354.7676,3487.1584,3415.637,3376.532,3453.66,3544.0168
3697.6145,3519.3647,3332.0051,3394.321,3431.852,3399.875,3351.1501,3415.141,3436.1023,3367.121,3372.3323,3461.2007,3560.0876
1178.4829,1215.624,1201.3221,1269.689,1219.9856,1249.3186,1126.0369,1071.941,991.7102,1077.8309,1087.6185,1093.2714,1045.5686
1393.5701,1300.4668,1344.7631,1368.6575,1384.4368,1214.4818,1056.6138,1002.57086,1006.4556,1056.7441,1142.3298,1078.0741,1005.32587
24712.947,24480.66,24351.62,24381.86,24305.305,24326.135,24430.227,24664.4,24665.025,24671.562,24477.049,24467.61,24509.695
4424.747,4423.3975,4422.7476,4426.2188,4433.352,4429.053,4423.301,4429.2476,4430.0986,4428.805,4424.7866,4425.278,4434.0127
5991.908,5984.787,5982.3213,5907.13,5840.95,5693.349,5557.5713,5510.1084,5386.579,5362.1323,5312.259,5460.5312,5514.211
5932.7495,5917.03,5888.3857,5828.408,5789.6304,5658.91,5446.765,5385.633,5314.505,5316.1016,5306.8486,5495.6475,5489.3135
16939.232,16786.203,16694.283,16651.346,16517.748,16554.754,16667.012,16736.309,16757.178,16751.77,16662.238,16714.99,16683.021
16929.248,16793.613,16692.3,16647.406,16518.387,16629.42,16717.857,16781.66,16788.084,16784.975,16691.977,16742.705,16723.342
1087.0643,1086.6749,1086.4948,1086.8374,1087.8735,1086.8363,1086.1981,1086.5261,1087.4423,1086.9696,1086.7148,1087.5667,1087.6477
11903.855,11845.492,11851.962,11880.814,11833.297,11829.935,11853.534,11869.718,11853.728,11858.796,11887.2,11917.441,11871.681
1223.5049,1231.903,1235.1648,1229.814,1259.4338,1252.5111,1239.6278,1232.6837,1240.6782,1234.6145,1240.4275,1238.7302,1245.4117
1846.5126,1869.6193,1865.991,1856.0602,1862.7732,1866.5542,1855.0892,1864.2706,1869.1202,1869.1028,1862.6226,1863.0577,1859.9081
19688.46,19919.025,19879.844,19792.52,19885.953,19917.293,19782.71,19865.074,19925.275,19913.297,19863.984,19873.004,19844.135
23462.205,23724.154,24209.947,24491.02,24673.848,24577.256,24114.143,24280.453,24578.613,24574.08,24567.271,24657.643,24579.42
1728.1567,1717.0172,1719.9929,1725.8748,1710.5692,1698.4264,1704.9791,1716.2534,1711.5763,1704.5504,1704.689,1712.6272,1704.6256
1814.6904,1821.6863,1793.6531,1784.6241,1799.7751,1806.3901,1809.4972,1814.1775,1810.3657,1773.5709,1752.3171,1750.5533,1752.1726
1646.1172,1677.0939,1696.2046,1692.5651,1673.013,1655.7042,1652.4187,1702.183,1719.7656,1712.3759,1619.2574,1479.9664,1491.4095
11211.482,11212.566,11214.927,11224.005,11212.57,11223.812,11223.373,11229.928,11211.704,11220.096,11228.759,11229.337,11217.818
462.69223,507.51352,508.0689,489.18915,517.41705,529.9697,508.98563,501.9604,509.13156,508.6524,507.13593,501.2646,500.38776
600.33765,640.5764,640.0891,628.4626,649.5758,664.76215,639.9229,634.281,640.601,640.0213,638.8781,633.11523,633.0318
14761.619,14555.073,14497.5625,14369.033,14412.531,14646.431,14444.131,14516.069,14317.295,14132.74,14312.758,15016.049,15080.237
11397.912,11396.597,11368.449,11385.778,11390.588,11374.281,11342.812,11405.246,11373.41,11375.05,11377.793,11408.458,11389.995
9662.191,9600.45,9588.103,9620.875,9594.824,9591.819,9596.172,9601.574,9590.679,9601.894,9602.608,9613.031,9591.8
15620.689,15565.404,15529.089,15533.589,15387.64,15434.893,15500.193,15587.5205,15450.157,15457.28,15459.362,15464.047,15426.305
4028.7927,4043.989,4042.3057,4050.5283,4036.711,4028.5688,4041.027,4072.7412,4065.9978,4053.4568,4053.339,4061.4094,4040.0134
1008.2908,996.2322,988.8939,980.4857,984.73975,985.8454,989.5614,998.4318,988.41815,964.2743,988.1859,1026.9906,1023.7412
9192.111,9208.626,9207.472,9228.3955,9197.891,9081.362,9182.648,9264.8,9245.746,9193.713,9153.385,9145.453,9241.882
2142.865,2130.9695,2133.8157,2140.0347,2126.8452,2121.1782,2124.8914,2133.0605,2130.0889,2125.3254,2124.3997,2130.0183,2124.6296
23862.863,23982.066,24035.879,24072.24,24123.47,24149.43,24161.717,24104.695,23970.092,24025.639,24143.518,24123.848,24094.762
15893.325,15903.54,15903.131,15919.662,15924.308,15907.213,15917.771,15955.724,15925.612,15922.536,15929.008,15934.843,15916.289
14160.93,14179.894,14182.818,14191.932,14192.418,14185.7705,14195.211,14230.767,14195.902,14194.69,14201.009,14204.372,14190.075
7288.869,7318.1763,7319.9946,7354.0225,7362.5815,7350.8115,7270.242,7210.022,7154.7354,7235.9263,7318.083,7311.137,7324.5415
1073.3921,1073.245,1073.1047,1073.4346,1074.2208,1073.4003,1072.7684,1073.0948,1074.0104,1073.5874,1073.2224,1074.0411,1074.173
9404.555,9364.874,9365.638,9392.485,9326.829,9324.392,9342.205,9360.138,9347.711,9358.023,9374.834,9396.798,9354.368
763.8297,768.8984,768.9025,764.6647,775.6742,765.5255,759.6626,757.30817,763.57983,766.8848,774.7476,775.33057,778.4231
10468.701,10449.861,10407.965,10346.623,10319.15,10336.65,10351.994,10476.612,10533.251,10523.056,10402.123,10399.265,10405.435
11230.792,11225.264,11173.317,11096.737,11087.465,11109.014,11107.482,11216.936,11282.435,11291.968,11199.688,11189.88,11188.416
14392.22,14512.62,14777.852,14978.937,14923.539,14867.558,14676.729,14843.334,14844.564,14825.787,14919.323,14993.554,14876.022
7024.0703,7003.6865,6991.6,6988.158,6880.849,6868.099,6952.7114,6890.0347,6838.975,6848.1035,6865.2495,6859.648,6839.56
1727.1975,1716.0978,1719.0311,1724.8993,1709.539,1697.5116,1704.0382,1715.249,1710.3934,1703.5219,1703.721,1711.6587,1703.4481
1021.2296,1029.819,1006.9399,1005.2132,1013.6905,1020.3517,1022.3469,1030.4099,1033.0334,1007.461,990.93854,990.66956,995.29016
883.449,907.02356,901.698,894.66284,902.9536,888.9314,828.456,872.8064,897.3594,894.1475,820.73175,745.3134,807.3363
10244.178,10197.54,10194.793,10218.714,10198.351,10202.58,10210.239,10211.599,10199.622,10209.09,10209.791,10221.227,10203.543
364.45935,366.22568,362.20734,365.01773,363.86975,365.44952,355.84265,355.87723,359.1176,366.85587,366.3167,366.82947,365.91058
470.03485,472.26562,465.7246,468.58615,468.90167,471.32883,459.8651,458.42966,462.85428,470.35138,469.8667,469.38367,469.2175
8528.037,8551.61,8603.779,8635.808,8672.895,8703.241,8741.387,8721.046,8694.313,8661.178,8720.492,8760.423,8786.369
10838.316,10826.803,10814.894,10817.484,10849.429,10814.557,10792.052,10835.983,10866.569,10823.497,10818.419,10829.841,10840.592
9389.361,9336.79,9326.769,9355.334,9330.171,9330.161,9336.918,9340.919,9331.058,9338.457,9338.647,9352.602,9330.659
10712.85,10618.561,10600.138,10602.492,10511.614,10555.782,10582.628,10641.996,10567.442,10583.768,10616.319,10612.354,10561.342
3534.8958,3540.9495,3549.43,3556.998,3549.2405,3537.9502,3562.8123,3585.8203,3579.731,3551.437,3557.332,3566.4543,3547.9722
990.4615,980.2538,974.29,968.9947,974.0178,975.912,984.444,998.8148,985.511,962.2858,985.5727,1028.5648,1030.0415
8173.16,8187.2886,8179.564,8190.822,8173.566,8089.9062,8113.475,8186.9556,8181.24,8140.8027,8086.3687,8082.401,8124.165
2141.6143,2129.7505,2132.5308,2138.688,2125.5178,2119.8684,2123.5857,2131.6948,2128.6323,2123.9866,2123.0742,2128.6665,2123.1646
22493.934,22562.898,22621.627,22604.117,22510.941,22474.674,22492.55,22451.494,22275.004,22356.01,22442.568,22392.193,22248.38
13705.234,13640.647,13648.485,13667.186,13646.074,13625.421,13638.645,13652.497,13647.184,13653.093,13654.78,13678.967,13649.07
11948.122,11903.565,11905.257,11926.553,11910.732,11899.202,11910.01,11919.8545,11914.0205,11918.053,11922.289,11944.697,11916.789
6077.6123,6075.6914,6054.908,6054.8,6021.9893,6011.663,5995.6753,5989.8965,5993.7764,6018.561,6015.3877,6006.956,5984.8477
6371.3887,6295.325,6253.1333,6144.0815,6157.4824,6130.906,6014.1357,5889.928,5885.402,5902.4653,5858.0273,5900.4097,5899.6875
6977.2817,6946.902,6950.6494,6967.5605,6918.3457,6916.713,6937.2773,6951.586,6924.0312,6929.533,6959.1255,6988.5884,6951.641
374.59232,384.1932,383.20914,379.20868,385.81903,380.596,374.77744,371.4243,373.39825,380.5384,382.55872,382.7832,383.58136
7766.7583,7750.0303,7717.4116,7687.548,7660.6157,7654.6177,7683.8433,7773.659,7796.92,7824.9946,7704.8364,7692.622,7665.1157
8138.8965,8141.425,8099.9136,8063.1665,8046.406,8045.9453,8057.135,8155.054,8182.5664,8218.059,8094.037,8075.548,8062.7974
10912.143,11032.977,11265.706,11427.937,11477.944,11435.859,11195.457,11380.188,11416.838,11417.193,11465.403,11537.491,11467.321
5372.3804,5354.149,5337.521,5338.0303,5248.2344,5242.287,5310.5566,5244.7036,5212.9453,5220.179,5222.777,5215.229,5212.585
11250.202,11172.765,11194.186,11242.935,11169.897,11076.961,11103.371,11158.492,11152.325,11113.382,11108.612,11154.623,11114.189
996.80774,1005.76025,982.48193,980.9758,990.7569,997.47565,998.93494,1008.6104,1010.55444,983.26886,965.7869,965.7419,970.5291
8642.124,8892.639,8841.068,8830.983,8877.682,8864.566,8139.5747,8573.116,8811.361,8820.062,8150.1133,7282.1997,7999.938
6635.0063,6625.3486,6622.263,6632.493,6623.125,6628.857,6627.318,6630.8926,6624.35,6630.425,6630.715,6638.34,6628.7437
132.82927,132.66629,127.39591,121.78997,121.730675,125.44876,129.38377,126.31817,125.99594,123.67225,123.262764,124.970764,128.32417
231.21155,233.01231,227.46687,219.51608,219.6497,222.74667,227.81233,223.11458,221.58058,220.1763,219.11871,220.5127,223.22377
4438.679,4440.6523,4487.1533,4510.9663,4566.1113,4615.0337,4670.884,4640.238,4603.488,4534.464,4630.828,4687.3022,4730.538
8031.409,8042.531,8037.118,8039.441,8055.4497,8025.8506,8009.042,8059.3994,8078.8945,8042.4536,8036.328,8051.5527,8050.441
6184.989,6160.7905,6151.629,6171.0767,6154.75,6155.189,6155.0356,6160.424,6154.9673,6159.3325,6158.8276,6171.7793,6157.5938
8230.031,8141.494,8112.2686,8121.866,8033.6514,8066.3467,8082.1465,8139.6265,8076.796,8095.7666,8118.0645,8107.693,8072.293
2894.1482,2900.7231,2910.8918,2913.5266,2904.636,2894.9128,2918.4253,2941.2717,2935.4238,2903.769,2912.278,2919.6562,2906.934
8461.19,8358.717,8341.559,8302.954,8364.505,8337.834,8407.245,8440.272,8337.46,8172.822,8397.583,8778.172,8776.542
4635.68,4671.3394,4680.505,4692.753,4691.9053,4706.3003,4727.1797,4749.215,4744.1133,4729.3037,4633.7275,4601.9546,4744.055
5460.5405,5473.2827,5475.943,5479.242,5462.3857,5398.197,5410.8296,5468.9194,5458.1865,5406.195,5376.703,5383.6836,5411.881
1421.0984,1413.846,1415.4758,1419.0286,1414.7058,1412.1198,1413.9221,1416.4158,1416.2095,1414.176,1413.742,1415.8746,1413.7217
16530.656,16656.305,16694.307,16720.607,16760.01,16817.805,16806.29,16791.73,16637.37,16685.342,16820.02,16743.521,16689.37
9136.364,9111.666,9110.519,9125.601,9116.573,9109.832,9117.167,9125.563,9121.806,9121.667,9124.777,9141.289,9122.913
7926.377,7911.634,7910.2188,7922.13,7915.146,7911.4404,7914.808,7922.8564,7918.695,7918.3267,7923.595,7939.4805,7922.0376
12052.096,12075.962,12100.316,12087.362,11978.753,11955.485,12055.901,12027.552,11848.744,11847.482,11936.163,11893.043,11757.249
4373.754,4376.895,4355.0024,4365.21,4316.086,4294.4404,4264.485,4239.312,4219.921,4255.684,4265.222,4276.36,4237.967
3775.3833,3774.6497,3773.9282,3777.872,3778.4355,3773.6277,3771.4094,3776.1038,3777.8599,3778.458,3777.7036,3780.7542,3778.7683
24232.7,24180.154,24159.03,24217.65,24108.5,24126.553,24134.688,24217.79,24224.246,24260.44,24250.064,24275.352,24178.438
3850.021,3834.7336,3849.2258,3816.8887,3846.5178,3840.6375,3881.3875,3867.7703,3895.3276,3875.1084,3883.876,3910.0583,3946.4473
2688.0486,2682.8413,2669.6785,2657.8271,2674.2502,2686.532,2689.1392,2682.4448,2703.732,2707.8755,2705.6836,2721.3884,2730.2542
3069.4858,3067.9463,3057.8206,3040.705,3062.1958,3073.185,3073.8113,3073.2947,3091.005,3094.5017,3092.439,3110.4692,3122.609
3403.2285,3365.2085,3385.4216,3404.536,3390.5327,3359.4922,3394.1226,3370.7432,3343.1323,3359.973,3380.1252,3361.1995,3333.7732
1645.7869,1640.7491,1640.3276,1637.3635,1623.3052,1625.1564,1638.1113,1629.0901,1621.9116,1623.0249,1625.2499,1625.2961,1620.584
3590.0476,3594.9146,3597.9788,3599.5955,3587.1782,3590.9766,3613.2688,3609.5852,3538.2852,3553.7764,3587.1428,3586.2798,3576.393
6013.3193,5974.8066,5978.3965,5987.897,5906.813,5913.865,5929.414,5946.856,5930.9263,5928.654,5920.9727,5932.099,5915.3887
3619.4426,3589.1096,3579.4448,3601.7974,3586.3677,3574.0977,3573.454,3579.1123,3575.9,3580.9058,3578.8262,3585.7654,3571.1448
3652.1172,3793.8037,3848.591,3927.9463,3925.1716,3851.698,3787.0688,3796.028,3939.8271,3948.7805,3881.745,3864.509,3831.1436
2811.5706,2796.4944,2793.3142,2780.7917,2800.3262,2804.6836,2796.2527,2775.2542,2780.206,2787.734,2789.043,2786.2454,2794.4717
3212.5574,3182.791,3175.1272,3193.6997,3180.9048,3174.5261,3174.4355,3179.113,3175.703,3180.7458,3178.6216,3182.7688,3170.9404
2472.7695,2483.4668,2487.2146,2482.3462,2472.7495,2486.6365,2488.9543,2491.0645,2477.1924,2486.5303,2488.422,2494.3098,2478.8538
6402.2017,6447.1196,6457.696,6437.7627,6460.9,6367.4814,6369.0254,6434.84,6456.099,6470.5737,6503.8926,6473.959,6365.7446
1495.5928,1498.9532,1483.9565,1495.4803,1499.1914,1515.9911,1536.1057,1554.1577,1543.3895,1546.2902,1541.3733,1550.9653,1556.999
2705.3901,2700.7551,2691.2058,2688.5566,2680.1323,2673.8652,2675.2712,2683.7053,2684.4468,2689.293,2688.7717,2685.688,2683.8257
7207.6987,7167.6636,7171.3022,7182.363,7097.7095,7094.21,7116.2764,7138.9565,7115.043,7111.6978,7103.9897,7126.577,7099.623
8787.329,8804.141,8811.349,8836.89,8822.857,8803.376,8797.23,8822.986,8853.835,8859.003,8857.038,8857.596,8844.553
1319.78,1318.3967,1308.3389,1301.1249,1282.727,1256.9393,1249.1859,1269.9135,1282.5201,1299.8053,1299.0057,1289.3611,1275.3132
6070.2495,6083.495,6090.883,6127.517,6118.498,6097.797,6090.79,6121.07,6163.569,6170.5415,6160.7036,6167.049,6144.9146
4577.5522,4558.0874,4566.8525,4578.0054,4559.1914,4518.3916,4516.7935,4524.132,4525.7534,4526.231,4535.3374,4564.7456,4532.183
4034.602,4011.6836,4016.0024,4030.23,4010.757,3986.7134,3987.2668,3993.3533,3992.049,3996.8142,3997.857,4017.7595,3993.9888
1739.4507,1750.2422,1766.4764,1770.0037,1771.9188,1775.8008,1775.198,1777.164,1802.06,1802.3687,1803.9327,1783.4785,1781.0947
890.4,866.22473,853.4262,827.145,816.57715,816.9892,817.6307,807.0049,797.62897,774.6987,782.46704,773.67944,781.3291
2179.6567,2148.0005,2118.8936,2139.2073,2011.5214,2023.0652,2060.6306,2108.1755,2216.3018,2052.3113,1968.1963,2062.9392,2048.2078
2077.1096,2113.64,2138.8442,2137.6213,2121.5715,2107.838,2143.4827,2155.6675,2143.985,2143.8442,2146.5813,2136.3135,2108.443
439.21655,436.40576,437.12402,431.04742,432.58804,447.87488,469.37347,489.71494,463.047,434.88812,441.24582,447.61758,441.4619
6611.407,6752.5938,6881.4595,7048.165,7086.5557,7008.0967,7003.0356,7051.011,7275.158,7324.493,7421.1313,7267.473,7363.1323
1171.9192,1174.8704,1225.5193,1239.6482,1295.0045,1256.0372,1243.2151,1284.202,1297.7781,1269.2734,1269.7296,1255.3853,1284.7134
5948.409,5938.886,5957.939,5991.7207,5972.542,5956.118,5954.262,5998.66,5938.2866,5992.4263,5957.3887,5954.635,5951.727
448.0713,425.87164,407.2868,407.3908,381.29742,415.72705,429.61188,438.8561,514.4514,354.34067,347.51883,395.98343,410.0478
938.2706,901.2197,917.2517,867.8273,901.3624,926.4107,899.9138,947.7379,935.4369,929.7184,983.90344,905.642,925.1267
8583.795,7661.0195,7500.1646,6932.654,6689.871,6478.0566,6363.3022,6067.1836,6053.394,5591.9556,6124.1553,6749.018,6815.5244
3153.0852,3023.77,2936.5881,2861.2263,2714.2817,2780.0767,2675.962,2896.9297,2816.9243,2817.5947,2644.063,3063.4058,2786.8994
2474.8218,2500.345,2537.1934,2547.4146,2528.132,2528.0088,2563.2373,2562.4023,2544.861,2550.966,2558.2844,2547.0269,2511.4336
873.2841,854.71545,900.61163,843.8722,899.20776,849.79443,920.401,921.5619,924.28876,884.5144,907.0336,872.77057,923.5485
1741.688,2004.9816,2058.441,2125.2783,2170.3806,2241.2236,2285.2612,2293.1436,2217.3079,2156.9587,2161.5046,2305.8843,2257.2537
1753.6619,1595.7773,1576.9387,1457.6309,1413.7401,1349.8978,1343.1383,1273.3722,1213.7432,1182.0653,1250.5726,1246.0743,1266.1624
3903.6694,3678.417,3636.0376,3435.4653,3325.5156,3268.0928,3303.4934,3145.6577,3097.5518,2947.8374,3043.1226,3012.5854,3040.2766
5644.839,5800.902,5890.2383,6023.8457,6150.733,6374.0947,6366.2446,6317.0444,6199.1367,6107.1353,6159.375,6344.887,6374.828
7349.9775,7350.1953,7341.1694,7361.8447,7371.897,7361.606,7327.361,7244.3276,7393.6836,7450.856,7362.632,7324.022,7356.4224
13336.068,13290.577,13274.773,13802.813,13829.569,13569.233,13338.32,13536.772,13870.676,14374.81,14028.209,13790.441,14375.173
929.1272,939.52,911.17975,912.64026,926.82007,901.7667,711.3092,737.57886,756.5099,802.2557,804.7258,841.1093,837.6776
10151.27,8622.763,7563.115,8411.111,9001.6875,7972.4272,8084.479,8355.958,8248.235,8096.9062,8098.08,8252.4375,8589.292
24843.625,26353.125,26295.988,25760.643,25549.203,26732.578,27567.39,27115.582,26050.096,25904.117,25908.469,25788.912,25493.316
4175.8154,4063.1091,4070.8809,4183.0244,4122.005,4034.948,4043.4321,4136.5073,4189.4375,4195.1143,4178.9062,4185.2344,4069.6987
8410.268,8201.399,8263.519,8437.604,8410.852,7711.363,7649.5107,7721.3174,8079.8984,7996.8013,7781.9595,7741.268,7573.148
19696.098,20004.285,20247.697,20534.027,20725.49,20952.436,21135.385,21640.482,22017.594,22418.133,21792.46,21943.941,22284.11
5401.9194,5287.1895,5249.35,5303.806,5296.773,5252.9766,5271.3467,5315.1,5313.4272,5302.517,5281.7466,5264.9907,5243.4688
3231.4248,3211.8984,3169.3706,3181.1978,3236.9028,3184.8074,3257.078,3364.9385,3355.4824,3269.4192,3207.341,3183.534,3156.1917
1815.1998,1768.4459,1754.9996,1807.335,1815.1183,1813.7533,1821.2094,1803.133,1761.6063,1765.4991,1760.3978,1763.1707,1760.5538
2352.6042,2310.8013,2330.963,2351.8726,2340.8005,2297.3623,2308.078,2303.1099,2309.4048,2315.75,2310.907,2314.941,2300.9834
3132.4915,3088.325,3106.123,3127.895,3118.3025,3072.1428,3079.7688,3078.261,3085.078,3091.3179,3090.5845,3093.663,3075.6108
9784.616,9685.977,9640.349,9685.506,9721.444,9650.464,9704.331,9690.555,9693.889,9648.911,9623.483,9615.052,9731.159
9717.474,9816.335,9684.338,9636.152,9708.162,9723.278,9665.528,9644.686,9660.648,9709.451,9746.917,9752.061,9767.903
1063.9343,1069.6892,1069.7294,1067.1095,1071.3164,1072.163,1065.5144,1070.2008,1072.5664,1072.6824,1073.2241,1073.1732,1071.0222
1791.9343,1797.6892,1797.7294,1795.1095,1799.3164,1800.163,1793.5144,1798.2008,1800.5664,1800.6824,1801.2241,1801.1732,1799.0222
6952.702,6694.0264,6479.066,6650.0327,6304.686,6430.2124,6338.3403,6537.0913,6464.0186,6714.4116,6689.321,6780.5996,6500.6777
7832.193,7896.339,7840.596,7837.507,7764.0435,7790.148,7834.6016,7925.3604,7934.4336,8083.3306,8043.7466,8110.3604,7868.2427
27481.154,27868.707,27103.564,26974.605,27095.2,27840.805,28134.932,27647.744,27070.713,27217.727,26856.18,27487.654,27533.242
1723.354,1687.0352,1747.5459,1740.0385,1794.0889,1823.7526,1768.9949,1776.923,1823.981,1778.1719,1865.0223,1857.5518,1941.3655
1954.9589,1969.332,1996.5248,1996.5095,2004.0388,2048.0754,2111.24,2159.7708,2214.5234,2236.2593,2176.0415,2223.8223,2252.8335
2857.935,2865.6206,2807.5415,2843.7937,2840.0664,2876.3699,2875.8694,3030.5488,3120.2861,3199.2007,3328.8813,3431.8071,3426.6577
1381.362,1444.6746,1490.9421,1532.5865,1546.4521,1559.3339,1603.4349,1632.932,1687.1145,1710.8635,1713.2892,1705.836,1695.5724
7999.2544,7820.3877,7789.161,7765.514,7777.6816,7773.5117,7764.789,7760.004,7771.2314,7787.3247,7825.464,7968.706,7988.76
443.1817,421.8594,431.1586,415.24982,438.625,431.36035,452.13214,457.51398,465.20047,463.26788,480.94006,494.97507,515.16223
3174.8342,3146.5957,3122.9048,3133.0579,3139.65,3163.6567,3175.7761,3212.1458,3194.4963,3197.192,3140.0422,3171.1106,3228.6128
590.9808,606.2205,622.07336,638.2042,638.71643,625.7893,616.62524,618.62067,623.4549,639.3512,651.4572,648.7799,640.3372
1985.1809,2012.6764,2014.0634,2059.2874,2057.269,2028.7256,2068.0261,2081.8726,2102.2517,2139.6533,2130.7444,2101.0369,2133.192
1085.1877,1065.755,1118.1361,1152.3705,1154.7998,1135.8944,1217.5739,1195.5808,1205.5802,1222.7704,1247.6211,1240.1821,1233.1729
1824.005,1789.7284,1901.4401,1802.4453,1952.6521,1884.551,1978.6448,1916.4863,2099.6853,1988.9603,2120.959,2076.6992,2144.5981
415.1684,430.6933,448.89148,479.155,447.62012,442.48373,417.9296,443.99774,488.04956,531.3942,531.67285,472.55945,474.53247
3427.5176,3492.652,3539.4946,3538.7185,3557.8284,3535.6965,3507.0022,3500.981,3531.4998,3560.4336,3616.5803,3673.5444,3685.2825
1087.0479,1060.6448,1042.988,1063.437,1153.0734,1186.1938,1247.9193,1382.3394,1459.121,1460.3514,1426.2924,1492.3618,1495.2263
395.2187,415.5952,426.08276,421.7308,430.86816,430.86246,431.72324,447.7011,459.7393,461.23672,462.10718,471.36066,471.06915
4040.244,4161.446,4328.5933,4442.2285,4502.832,4440.1016,4317.407,4281.458,4317.117,4407.2554,4533.27,4590.6465,4636.898
2663.2737,2673.5793,2681.3467,2672.46,2686.1304,2655.2778,2644.377,2629.9238,2652.251,2683.7285,2690.968,2723.4556,2748.1006
1132.8816,1190.6675,1199.477,1227.6403,1248.2227,1251.1443,1212.0128,1208.5037,1222.7561,1264.2323,1277.907,1295.2699,1283.0493
1541.2281,1535.7994,1545.2571,1539.0879,1572.1884,1574.3666,1595.9386,1623.7905,1647.6046,1643.1641,1657.8755,1682.5044,1696.8044
1278.1359,1338.3342,1367.3673,1345.5022,1358.799,1337.0425,1292.0944,1312.7719,1360.7551,1412.6616,1419.0447,1413.2206,1400.3518
802.3766,822.5151,836.98627,845.6235,868.31476,867.2672,855.10626,865.8351,893.92035,906.9696,906.375,893.4703,900.4572
2497.2915,2631.8557,2611.76,2493.0903,2625.3591,2630.61,2570.8704,2675.753,2758.3542,2732.084,2729.1448,2669.275,2717.9172
1078.4204,1062.99,1067.0144,1029.227,1189.5342,1360.221,1253.3624,1239.8685,1414.0323,1331.6742,1250.0266,1229.6852,1387.7981
4301.8022,4335.467,4394.5225,4409.3354,4455.242,4379.4087,4329.0083,4309.2393,4313.8867,4355.674,4420.7397,4451.965,4462.107
16284.722,16467.406,16465.518,16254.034,16385.229,16703.795,16458.418,16156.634,16183.077,16400.072,16516.268,16327.523,16220.446
22310.121,22417.291,23155.13,23179.543,23671.064,23636.342,23507.459,23648.48,23722.182,23179.912,23622.734,23655.258,23657.998
3241.3625,3253.2266,3252.467,3237.687,3198.6875,3251.4788,3276.0908,3264.2751,3233.9973,3243.3904,3241.226,3234.669,3226.4836
6794.296,6830.3125,6877.661,6919.797,7026.7197,7033.7007,6953.7197,6904.5146,6937.93,6943.4517,6989.7256,7013.4487,7018.0054
8600.441,8511.083,8475.2,8493.913,8617.395,8494.726,8445.993,8466.002,8514.647,8488.329,8485.307,8497.986,8548.11
12287.83,12225.426,12202.342,12248.999,12310.152,12190.163,12112.918,12134.707,12215.154,12158.072,12146.169,12192.648,12249.434
5911.2617,5853.4766,5889.0264,5883.732,5792.151,5814.0493,5896.137,5846.5137,5790.688,5808.252,5833.9517,5829.4043,5789.831
1922.0541,1914.734,1907.762,1897.7245,1902.0029,1897.8333,1890.9562,1880.2131,1882.2365,1866.2499,1866.487,1869.6954,1877.5627
2654.9497,2923.952,2952.8123,2870.0518,2726.4722,2635.6184,2578.451,2557.8354,2555.3032,2645.083,2819.3657,2925.9746,2930.4126
4016.9065,4015.4463,4013.405,4014.0325,4014.227,4012.8818,4012.4048,4011.264,4011.2131,4012.132,4012.0618,4011.9639,4011.4573
2101.9878,2106.7634,2107.8948,2111.6367,2118.9438,2118.4373,2115.4812,2111.8557,2108.415,2107.5771,2109.9858,2113.6172,2118.3542
6711.7236,6624.2266,7004.558,6922.3467,6879.3877,6466.6367,6411.043,6599.5015,7027.2695,6969.8643,7107.7866,6881.987,6968.528
600.694,501.74683,469.85873,470.36,525.78394,534.63574,605.9438,551.7278,558.3398,536.2838,488.29147,491.92154,555.08405
4687.079,4676.5786,4712.2817,4703.416,4699.5015,4659.513,4653.925,4671.8154,4713.9624,4708.781,4722.5107,4699.6255,4707.3716
4395.0933,4395.917,4396.4297,4397.5933,4400.763,4398.0903,4392.683,4397.453,4401.7646,4399.814,4398.826,4398.842,4401.0776
2395.8015,2366.7756,2292.8376,2195.4429,2114.6575,2160.2766,2211.53,2291.0522,2354.776,2278.3428,2154.0405,2241.7065,2312.2908
3906.6567,3868.3127,3803.9114,3840.7183,3781.45,3790.933,3797.1729,3828.3638,3793.5417,3816.331,3809.7593,3819.612,3814.7732
2145.64,2119.4673,2126.201,2130.701,2140.1045,2152.7847,2182.2622,2170.1738,2160.7427,2153.967,2151.8503,2182.2012,2225.0457
2145.343,2150.04,2178.65,2175.9634,2177.5254,2182.8845,2207.9604,2194.0317,2192.6172,2180.513,2192.3848,2216.7368,2245.5994
3066.5796,3119.4272,3022.455,2964.61,2961.2349,2986.2754,3037.7869,3099.8997,3033.979,3006.629,2967.394,2998.0342,3015.726
1316.7338,1292.0299,1297.471,1311.8602,1323.6112,1332.7585,1351.8231,1344.9258,1337.1641,1335.7468,1338.5585,1374.7588,1415.247
1292.8773,1299.4111,1318.4666,1316.0139,1319.6207,1319.0271,1328.4662,1324.4701,1324.0844,1311.8948,1329.4657,1354.8466,1363.7887
7818.405,7843.9146,7792.1465,7768.075,7733.2964,7731.163,7718.3647,7714.1772,7686.523,7723.941,7652.611,7623.417,7566.238
7530.589,7563.488,7493.044,7467.0073,7318.3076,7304.977,7296.555,7335.4307,7336.4478,7391.571,7216.5737,7173.2104,7148.0786
978.34424,973.3125,975.3996,980.66064,978.98096,963.37805,964.94977,967.56036,969.5429,969.70966,971.6192,978.2464,978.5397
6488.908,6418.547,6382.602,6277.2354,6289.683,6267.188,6150.7534,6018.699,6025.0767,6040.412,5993.404,6033.0186,6048.934
816.9347,810.28955,811.5754,810.4945,808.10693,812.1198,834.9126,825.4021,821.8899,813.89417,811.4231,814.73584,821.59717
8534.895,8527.164,8563.204,8563.599,8564.471,8644.8,8861.467,8804.76,8740.632,8656.704,8611.19,8657.353,8793.226
11055.653,10903.472,10865.144,10434.175,10592.966,10639.19,10632.064,10394.962,10310.636,10273.738,10295.3125,10393.27,10482.751
3208.008,3191.6692,3196.3074,3200.9565,3261.9482,3267.8542,3227.1794,3207.3638,3258.7437,3249.3457,3257.0552,3234.513,3265.0134
1271.9355,1245.5054,1253.4302,1268.1008,1279.3796,1288.0183,1306.4786,1299.8057,1292.537,1291.1033,1294.1886,1330.2377,1367.7888
1248.7186,1253.58,1271.7123,1268.9015,1272.805,1272.196,1281.8262,1276.4552,1276.5905,1264.6062,1281.8263,1306.3041,1314.4133
5466.36,5476.4736,5486.0864,5476.7783,5486.281,5461.7593,5469.215,5483.28,5541.8955,5552.1235,5522.1616,5531.3633,5579.216
1820.9448,1792.5763,1808.6754,1815.0042,1785.2885,1766.8724,1747.5339,1780.0029,1784.2744,1802.9696,1818.3751,1818.403,1815.5338
2164.3784,2181.8499,2199.9827,2171.537,2191.4697,2209.3184,2211.4207,2208.868,2216.4683,2213.0845,2213.1262,2202.1265,2213.4507
332.80612,328.12973,331.92645,329.32233,325.93008,326.5934,328.64697,326.30197,325.8016,326.68405,325.95154,325.63763,325.96082
566.88,566.1722,564.4707,562.1259,561.882,559.8468,562.0297,565.02216,566.22626,564.9492,563.625,562.7584,563.6961
700.50916,1278.5497,1341.8743,1169.5948,1686.3011,1906.5822,1284.3103,1759.2144,2170.1328,1925.509,1435.2234,1173.9487,816.6255
10316.167,10259.614,10093.997,10060.969,10070.769,10176.412,10242.88,10216.665,10008.396,9980.131,9954.462,10015.059,10034.608
2181.9514,2172.9685,2182.2188,2183.0686,2184.8064,2218.0247,2203.15,2199.5186,2200.5337,2188.5305,2181.719,2180.686,2176.514
7808.3887,7775.6714,7756.49,7790.4106,7805.3257,7747.775,7752.426,7755.7095,7773.8213,7780.8857,7784.329,7763.246,7738.1367
9718.815,9702.282,9629.311,9593.088,9584.065,9603.615,9634.215,9589.437,9588.99,9631.341,9593.622,9591.458,9618.175
14707.355,14474.9375,14238.513,14501.708,14216.553,14407.201,14404.295,14601.82,14553.733,14705.307,14800.725,15008.424,14590.695
8219.3,8157.9473,7622.518,7807.6084,8270.943,7898.07,7755.479,8095.877,8119.476,8160.991,8119.892,8204.539,8281.863
18211.215,17990.73,16972.988,17232.346,18024.691,17770.27,17401.281,17648.17,17607.625,17568.816,17470.973,17616.969,18094.625
1842.0122,1666.678,1748.2938,1663.3983,1732.8098,1638.2983,1711.3312,1661.4232,1765.7607,1668.7684,1754.0261,1658.3624,1723.3341
1587.0602,1503.6996,1437.8384,1499.2906,1514.7001,1445.2605,1438.8693,1510.542,1494.5952,1511.0542,1501.1951,1523.2777,1510.6869
2912.4888,2994.408,2735.6084,2666.6216,2593.344,2494.2158,2522.12,2617.664,2591.108,2454.9333,2373.787,2388.91,2457.305
3080.811,3234.6614,2949.4858,2887.71,2851.4702,2883.1602,2883.003,2870.877,2810.861,2877.0935,2841.8613,2758.3726,2713.243
4666.15,5211.364,5124.362,4845.8237,4881.4272,5134.9375,4982.6587,4793.295,4512.421,4730.3057,5338.7095,4911.607,4549.534
3604.9805,4129.955,4038.668,3667.013,3700.9697,3795.719,3876.1428,3489.4417,3497.8845,3628.7266,3600.633,3327.857,3199.6445
3410.0242,3390.4302,3131.207,3089.1255,3070.16,3103.3716,3073.0508,2998.8193,3022.2207,3035.3997,2965.969,2975.8333,2988.008
1870.0154,1934.5134,1902.9872,1838.3447,1829.6023,1802.1603,1797.5415,1789.0956,1756.9609,1831.457,1782.8138,1717.0673,1656.9745
2463.5571,2775.0557,2797.6748,2618.76,2630.6252,2567.432,2509.7886,2421.173,2463.1306,2519.2437,2564.4465,2455.4685,2378.716
2920.3452,2865.4868,2748.7537,2646.8142,2726.2764,2782.0505,2795.2573,2758.6665,2616.3916,2589.5078,2566.5403,2603.5117,2731.3882
5451.731,5857.121,5659.336,5462.869,5389.6543,5445.3804,5504.745,5321.412,5098.268,5335.598,5357.474,5016.1807,4804.2705
3050.5024,3087.0015,2929.5515,2873.6602,2841.525,2867.348,2855.2507,2771.2395,2753.798,2860.2524,2817.052,2711.4817,2692.7634
2938.395,3000.1824,3282.2732,3168.9822,3099.4429,3138.3367,3155.4688,3079.034,3031.1885,3121.2327,2998.5476,2885.428,2775.7166
2436.1863,2634.3118,2551.667,2516.6338,2496.2031,2529.4417,2500.0679,2457.1838,2309.023,2442.821,2506.7256,2411.5496,2270.5312
3383.964,3418.406,3307.4424,3229.8354,3218.8862,3279.7222,3304.636,3229.7751,3160.492,3200.2239,3197.1255,3087.8628,3007.164
2253.8337,2430.5542,2372.6675,2314.5896,2304.1653,2338.7266,2334.7322,2288.8828,2168.9243,2286.059,2306.7932,2190.9429,2104.9229
5786.612,5972.5234,5937.5923,5758.987,5505.959,5539.4365,5716.0347,5407.6353,5294.2847,5658.373,5570.4995,5379.0566,5161.4233
4911.1006,5016.575,4740.492,4566.6147,4585.5337,4503.059,4496.6465,4125.691,4212.6934,4439.267,4608.984,4321.999,4380.222
4844.072,4720.311,4540.71,4445.1675,4427.727,4518.7856,4540.42,4339.4043,4326.6377,4407.209,4235.2324,4139.0874,4180.534
3898.5132,3768.0696,3659.7773,3557.1887,3468.1895,3404.876,3462.3228,3332.8726,3353.9114,3398.8804,3490.2158,3294.132,3347.6353
2355.3528,2394.5264,2368.109,2249.079,2257.4822,2252.685,2301.2058,2349.2107,2182.1687,1944.889,1909.952,1865.8589,2006.2814
8270.287,7747.3447,7320.8325,7453.9956,7012.4697,6532.9956,6562.8257,6491.7007,6267.002,6366.951,6767.5767,6431.913,6479.9253
4752.667,4646.4517,4477.741,4460.123,4452.2563,4446.1826,4436.168,4295.5684,4237.565,4261.2964,4350.1475,4312.921,4290.7476
2770.5679,2936.2073,2917.813,2779.8809,2820.2651,2653.988,2585.7322,2500.9785,2489.5032,2608.4421,2817.9863,2583.6057,2536.1821
3803.949,4016.0889,4225.3955,4034.719,4234.2417,4068.2698,4054.0608,3871.314,3776.8843,3955.5867,4288.9424,4054.6504,3987.6875
3795.335,3939.363,3835.459,3726.7031,3719.422,3846.13,4133.142,4327.9717,4365.5186,4279.4756,3693.0254,3654.602,3711.9321
2201.079,2213.963,2185.7153,2111.563,2113.2903,2083.4316,2103.9705,1941.2045,1960.1102,2038.8392,2081.9934,1954.0813,1932.3529
2148.3435,2212.9736,2167.2312,2118.5376,2032.0686,1788.7744,1785.0194,1795.4032,1837.8127,1943.2711,2091.552,1892.1644,1850.0111
5734.5312,5754.9917,5696.8574,5625.647,5626.3247,5659.1616,5488.5723,5374.054,5391.613,5476.0,5429.2383,5296.327,5271.285
2252.3896,2266.3076,2239.0464,2167.1096,2211.639,2155.183,2193.5781,2051.7634,2103.8484,2101.9365,2234.4607,2101.9377,2118.2944
4223.4883,3959.853,3863.4648,3724.3123,3883.4358,3908.6055,4023.2097,3850.1843,3712.9473,3560.6475,3641.754,3714.7944,3972.7546
2313.9968,2323.2307,2313.2893,2332.1794,2340.6226,2300.0962,2245.6487,2199.0525,2200.9297,2266.6155,2284.1138,2280.147,2254.591
3228.4749,3184.6316,3446.9058,3210.0237,3225.3652,3137.766,3252.9536,3133.0671,3164.7454,3197.3743,3616.6458,3256.322,3070.213
3406.0505,3295.1377,3237.8572,3200.0151,3170.284,3202.1665,3163.8845,3111.0435,3154.9783,3112.8892,3072.797,3070.1946,3071.8528
8148.8765,8406.411,8343.435,8228.572,8193.0,8203.255,8177.241,8066.775,7887.2197,8111.1475,8147.682,7907.0684,7883.607
2379.6082,2397.1084,2404.7195,2296.8757,2334.0454,2233.0598,2198.181,2189.9387,2118.2876,2158.0044,2405.8303,2190.6624,2153.687
8909.506,8637.79,8479.142,8242.935,8125.3833,8060.3022,8053.212,7982.0684,8012.186,8196.833,8269.196,7837.361,7890.34
3339.0354,3333.2197,3314.3005,3266.8662,3271.8772,3275.5913,3312.5667,3271.733,3206.8254,3221.6687,3288.9573,3175.158,3147.4956
5713.9805,5628.9316,5565.103,5513.1934,5497.337,5477.461,5499.09,5342.1357,5343.2783,5421.671,5402.479,5211.16,5256.4844
3083.6934,2980.3525,2903.4624,2958.6665,2935.8691,2932.3486,2846.0132,2795.033,2789.3875,2910.5227,2868.0183,2774.4915,2739.3098
2451.73,2409.7961,2361.4321,2372.6865,2250.319,2257.5793,2241.255,2185.3425,2162.9502,2189.0498,2239.298,2220.8801,2171.3076
3580.6304,3594.2734,3606.6138,3571.4695,3432.899,3502.808,3557.3315,3499.4187,3383.7612,3438.0564,3564.2222,3525.925,3433.736
3739.2983,3785.6636,3665.7168,3618.7493,3597.1763,3559.3323,3500.0862,3487.4985,3524.3647,3581.4182,3636.8496,3536.5254,3525.585
1683.742,1629.9685,1560.1195,1538.774,1535.3635,1535.605,1453.6073,1381.4268,1385.8257,1440.1958,1452.749,1457.9619,1467.5653
1617.4712,1662.0974,1661.863,1634.5092,1628.1586,1650.1007,1643.9752,1581.2379,1563.1493,1636.0359,1657.5548,1607.4165,1582.005
2015.7427,2046.895,2051.7678,2010.15,2021.8542,1988.5908,1986.5394,1887.582,1894.8136,1967.8755,2000.7096,1877.2423,1871.1147
3978.1853,3894.1926,3749.697,3677.2402,3615.51,3574.5757,3531.131,3442.3005,3460.7568,3515.1575,3597.3083,3503.6533,3455.8809
6102.1816,6158.3247,6083.821,5791.0894,5797.5156,5695.5723,5825.402,5576.073,5521.181,5787.892,5707.3906,5519.3423,5443.3525
5071.8823,5008.416,4704.8916,4629.4893,4582.675,4600.1504,4555.1533,4493.733,4503.584,4535.774,4517.7744,4509.7466,4465.01
1213.6003,1190.4802,1197.8788,1192.8943,1152.2207,1168.8551,1165.867,1110.6543,1137.9349,1138.1708,1167.6444,1119.4137,1153.3408
3646.2764,3596.7107,3452.9624,3397.6758,3391.6418,3401.5562,3440.005,3322.4377,3270.331,3321.5393,3310.0435,3209.588,3246.314
3383.137,3377.936,3292.5054,3279.4429,3229.3308,3317.763,3294.5496,3210.7292,3101.789,3194.2524,3191.2593,3084.8545,3062.7256
3590.707,3440.8516,2918.534,2693.373,2760.234,2880.7231,2881.918,2800.5754,2726.1277,2737.1814,2610.814,2617.8494,2783.6865
6297.3984,6622.5176,6609.12,6426.9683,6360.611,6278.631,6385.603,6268.657,6242.633,6251.0034,5984.9346,5586.163,5495.596
3703.1333,3836.9185,3815.0366,3697.6855,3607.0012,3678.1172,3744.2937,3607.4675,3508.0535,3618.2305,3622.0574,3484.003,3392.1987
4190.437,4306.2515,4230.4253,4311.258,4259.2935,4283.91,4113.511,4109.5127,3972.0068,4044.063,4068.6423,4106.3384,4007.1487
3259.387,3302.2554,3262.7136,3230.8503,3153.1904,3039.4202,3013.1174,3137.0342,3096.297,3072.9353,2946.2437,2819.921,2969.0986
5310.921,5273.622,4860.18,4851.7036,4861.6533,4861.632,5013.688,4714.082,4614.966,4879.8535,5238.7036,4899.3594,4881.2144
1751.764,1829.1356,1800.674,1773.7073,1768.6832,1730.1487,1706.721,1668.2423,1651.4319,1747.5925,1726.7253,1590.1791,1545.9026
1266.2754,1283.1189,1267.8582,1255.7916,1225.6067,1181.9535,1171.5973,1219.9968,1204.1172,1195.1902,1144.7672,1095.6515,1154.2803
1739.0908,1697.1064,1610.092,1587.7617,1532.4673,1523.9329,1516.9807,1506.0981,1500.7181,1539.84,1534.1377,1493.1704,1491.2874
3193.1978,3181.163,3163.5325,3140.7954,3187.6948,3184.5488,3199.6265,3146.625,3041.5378,3078.9268,3268.357,3094.6606,3026.5613
2623.983,2658.6748,2626.7344,2601.5461,2538.7588,2447.201,2426.0188,2525.628,2492.2524,2474.2615,2372.2866,2270.883,2390.3943
4225.3335,4176.642,3988.9448,3947.4133,4000.5088,4024.846,4044.3606,4014.0015,3922.7146,3899.8865,3913.1042,3862.9333,3856.2688
3529.0483,3744.667,3596.832,3520.649,3482.4712,3471.2441,3457.9788,3451.8965,3379.0154,3483.1182,3374.036,3263.5288,3156.6323
5607.7817,5420.288,5175.8403,5147.6797,4981.219,4996.063,5094.547,4933.8403,4903.6323,4934.123,4915.0127,4896.9834,4875.6587
4063.916,3987.6138,3751.7827,3795.9048,3579.6558,3379.1343,3259.3782,3180.7444,3191.2207,3248.8962,3290.9932,3194.9927,3205.0913
